{
	"pattrstorage" : 	{
		"name" : "fmpatches",
		"slots" : 		{
			"1" : 			{
				"id" : 1,
				"data" : 				{
					"env0" : [ 1000.0, 0.0, 1.0, 0.0, 0.0, 0, 0.0, 1.0, 0, 53.191489361702125, 0.497959245954241, 0, 127.659574468085111, 0.283673531668527, 0, 223.404255319148945, 0.12653067452567, 0, 1000.0, 0.0, 0, "linear" ],
					"env1" : [ 1000.0, 0.0, 1.0, 0.0, 0.0, 0, 0.0, 1.0, 0, 111.702127659574472, 0.646258544921875, 0, 313.829787234042556, 0.374829973493304, 0, 500.0, 0.217687116350446, 0, 1000.0, 0.0, 0, "linear" ],
					"env2" : [ 1000.0, 0.0, 1.0, 0.0, 0.0, 0, 47.872340425531917, 1.0, 0, 1000.0, 0.0, 0, "linear" ],
					"env3" : [ 1000.0, 0.0, 1.0, 0.0, 0.0, 0, 15.957446808510639, 1.0, 0, 69.148936170212764, 0.642857142857143, 0, 351.063829787234056, 0.0, 0, "linear" ],
					"osc0_amp" : [ 0.0 ],
					"osc0_amp_env" : [ 0, 0, 0 ],
					"osc0_freq" : [ 17.27 ],
					"osc0_freq_env" : [ 0, 0, 0 ],
					"osc0_mod0" : [ 1.2 ],
					"osc0_mod0_env" : [ 0, 0, 1 ],
					"osc0_mod1" : [ 0.0 ],
					"osc0_mod1_env" : [ 0, 0, 0 ],
					"osc0_mod2" : [ 0.0 ],
					"osc0_mod2_env" : [ 0, 0, 0 ],
					"osc0_mod3" : [ 0.0 ],
					"osc0_mod3_env" : [ 0, 0, 0 ],
					"osc1_amp" : [ 0.0 ],
					"osc1_amp_env" : [ 0, 0, 0 ],
					"osc1_freq" : [ 3.46 ],
					"osc1_freq_env" : [ 0, 0, 0 ],
					"osc1_mod0" : [ 0.0 ],
					"osc1_mod0_env" : [ 0, 0, 0 ],
					"osc1_mod1" : [ 0.0 ],
					"osc1_mod1_env" : [ 0, 0, 0 ],
					"osc1_mod2" : [ 0.0 ],
					"osc1_mod2_env" : [ 0, 0, 0 ],
					"osc1_mod3" : [ 0.0 ],
					"osc1_mod3_env" : [ 0, 0, 0 ],
					"osc2_amp" : [ 0.0 ],
					"osc2_amp_env" : [ 0, 0, 0 ],
					"osc2_freq" : [ 1.73 ],
					"osc2_freq_env" : [ 0, 0, 0 ],
					"osc2_mod0" : [ 1.1 ],
					"osc2_mod0_env" : [ 0, 0, 0 ],
					"osc2_mod1" : [ 3.8 ],
					"osc2_mod1_env" : [ 0, 0, 1 ],
					"osc2_mod2" : [ 0.0 ],
					"osc2_mod2_env" : [ 0, 0, 0 ],
					"osc2_mod3" : [ 0.0 ],
					"osc2_mod3_env" : [ 0, 0, 0 ],
					"osc3_amp" : [ 1.0 ],
					"osc3_amp_env" : [ 3, 0, 1 ],
					"osc3_freq" : [ 1.0 ],
					"osc3_freq_env" : [ 0, 0, 0 ],
					"osc3_mod0" : [ 0.0 ],
					"osc3_mod0_env" : [ 0, 0, 0 ],
					"osc3_mod1" : [ 0.0 ],
					"osc3_mod1_env" : [ 0, 0, 0 ],
					"osc3_mod2" : [ 4.0 ],
					"osc3_mod2_env" : [ 0, 0, 1 ],
					"osc3_mod3" : [ 0.0 ],
					"osc3_mod3_env" : [ 0, 0, 0 ]
				}

			}
,
			"2" : 			{
				"id" : 2,
				"name" : "audio env Y",
				"data" : 				{
					"env0" : [ 1000.0, 0.0, 1.0, 0.0, 0.0, 0, 0.0, 1.0, 0, 53.191489361702125, 0.497959245954241, 0, 127.659574468085111, 0.283673531668527, 0, 223.404255319148945, 0.12653067452567, 0, 1000.0, 0.0, 0, "linear" ],
					"env1" : [ 1000.0, 0.0, 1.0, 0.0, 0.0, 0, 0.0, 1.0, 0, 111.702127659574472, 0.646258544921875, 0, 313.829787234042556, 0.374829973493304, 0, 500.0, 0.217687116350446, 0, 1000.0, 0.0, 0, "linear" ],
					"env2" : [ 1000.0, 0.0, 1.0, 0.0, 0.0, 0, 47.872340425531917, 1.0, 0, 1000.0, 0.0, 0, "linear" ],
					"env3" : [ 1000.0, 0.0, 1.0, 0.0, 0.0, 0, 15.957446808510639, 1.0, 0, 69.148936170212764, 0.642857142857143, 0, 351.063829787234056, 0.0, 0, "linear" ],
					"osc0_amp" : [ 0.0 ],
					"osc0_amp_env" : [ 0, 0, 0 ],
					"osc0_freq" : [ 17.27 ],
					"osc0_freq_env" : [ 0, 0, 0 ],
					"osc0_mod0" : [ 1.2 ],
					"osc0_mod0_env" : [ 0, 0, 1 ],
					"osc0_mod1" : [ 0.0 ],
					"osc0_mod1_env" : [ 0, 0, 0 ],
					"osc0_mod2" : [ 0.0 ],
					"osc0_mod2_env" : [ 0, 0, 0 ],
					"osc0_mod3" : [ 0.0 ],
					"osc0_mod3_env" : [ 0, 0, 0 ],
					"osc1_amp" : [ 0.0 ],
					"osc1_amp_env" : [ 0, 0, 0 ],
					"osc1_freq" : [ 3.46 ],
					"osc1_freq_env" : [ 0, 0, 0 ],
					"osc1_mod0" : [ 0.0 ],
					"osc1_mod0_env" : [ 0, 0, 0 ],
					"osc1_mod1" : [ 0.0 ],
					"osc1_mod1_env" : [ 0, 0, 0 ],
					"osc1_mod2" : [ 0.0 ],
					"osc1_mod2_env" : [ 0, 0, 0 ],
					"osc1_mod3" : [ 0.0 ],
					"osc1_mod3_env" : [ 0, 0, 0 ],
					"osc2_amp" : [ 0.0 ],
					"osc2_amp_env" : [ 0, 0, 0 ],
					"osc2_freq" : [ 1.73 ],
					"osc2_freq_env" : [ 0, 0, 0 ],
					"osc2_mod0" : [ 1.1 ],
					"osc2_mod0_env" : [ 0, 0, 0 ],
					"osc2_mod1" : [ 3.8 ],
					"osc2_mod1_env" : [ 0, 0, 1 ],
					"osc2_mod2" : [ 0.0 ],
					"osc2_mod2_env" : [ 0, 0, 0 ],
					"osc2_mod3" : [ 0.0 ],
					"osc2_mod3_env" : [ 0, 0, 0 ],
					"osc3_amp" : [ 1.0 ],
					"osc3_amp_env" : [ 0, 0, 0 ],
					"osc3_freq" : [ 1.0 ],
					"osc3_freq_env" : [ 0, 0, 0 ],
					"osc3_mod0" : [ 0.0 ],
					"osc3_mod0_env" : [ 0, 0, 0 ],
					"osc3_mod1" : [ 0.0 ],
					"osc3_mod1_env" : [ 0, 0, 0 ],
					"osc3_mod2" : [ 4.0 ],
					"osc3_mod2_env" : [ 0, 0, 1 ],
					"osc3_mod3" : [ 0.0 ],
					"osc3_mod3_env" : [ 0, 0, 0 ]
				}

			}
,
			"3" : 			{
				"id" : 3,
				"name" : "no audio",
				"data" : 				{
					"env0" : [ 1000.0, 0.0, 1.0, 0.0, 0.0, 0, 0.0, 1.0, 0, 53.191489361702125, 0.497959245954241, 0, 127.659574468085111, 0.283673531668527, 0, 223.404255319148945, 0.12653067452567, 0, 1000.0, 0.0, 0, "linear" ],
					"env1" : [ 1000.0, 0.0, 1.0, 0.0, 0.0, 0, 0.0, 1.0, 0, 111.702127659574472, 0.646258544921875, 0, 313.829787234042556, 0.374829973493304, 0, 500.0, 0.217687116350446, 0, 1000.0, 0.0, 0, "linear" ],
					"env2" : [ 1000.0, 0.0, 1.0, 0.0, 0.0, 0, 47.872340425531917, 1.0, 0, 1000.0, 0.0, 0, "linear" ],
					"env3" : [ 1000.0, 0.0, 1.0, 0.0, 0.0, 0, 15.957446808510639, 1.0, 0, 69.148936170212764, 0.642857142857143, 0, 351.063829787234056, 0.0, 0, "linear" ],
					"osc0_amp" : [ 0.0 ],
					"osc0_amp_env" : [ 0, 0, 0 ],
					"osc0_freq" : [ 17.27 ],
					"osc0_freq_env" : [ 0, 0, 0 ],
					"osc0_mod0" : [ 1.2 ],
					"osc0_mod0_env" : [ 0, 0, 1 ],
					"osc0_mod1" : [ 0.0 ],
					"osc0_mod1_env" : [ 0, 0, 0 ],
					"osc0_mod2" : [ 0.0 ],
					"osc0_mod2_env" : [ 0, 0, 0 ],
					"osc0_mod3" : [ 0.0 ],
					"osc0_mod3_env" : [ 0, 0, 0 ],
					"osc1_amp" : [ 0.0 ],
					"osc1_amp_env" : [ 0, 0, 0 ],
					"osc1_freq" : [ 3.46 ],
					"osc1_freq_env" : [ 0, 0, 0 ],
					"osc1_mod0" : [ 0.0 ],
					"osc1_mod0_env" : [ 0, 0, 0 ],
					"osc1_mod1" : [ 0.0 ],
					"osc1_mod1_env" : [ 0, 0, 0 ],
					"osc1_mod2" : [ 0.0 ],
					"osc1_mod2_env" : [ 0, 0, 0 ],
					"osc1_mod3" : [ 0.0 ],
					"osc1_mod3_env" : [ 0, 0, 0 ],
					"osc2_amp" : [ 0.0 ],
					"osc2_amp_env" : [ 0, 0, 0 ],
					"osc2_freq" : [ 1.73 ],
					"osc2_freq_env" : [ 0, 0, 0 ],
					"osc2_mod0" : [ 1.1 ],
					"osc2_mod0_env" : [ 0, 0, 0 ],
					"osc2_mod1" : [ 3.8 ],
					"osc2_mod1_env" : [ 0, 0, 1 ],
					"osc2_mod2" : [ 0.0 ],
					"osc2_mod2_env" : [ 0, 0, 0 ],
					"osc2_mod3" : [ 0.0 ],
					"osc2_mod3_env" : [ 0, 0, 0 ],
					"osc3_amp" : [ 1.0 ],
					"osc3_amp_env" : [ 1, 0, 1 ],
					"osc3_freq" : [ 1.0 ],
					"osc3_freq_env" : [ 0, 0, 0 ],
					"osc3_mod0" : [ 0.0 ],
					"osc3_mod0_env" : [ 0, 0, 0 ],
					"osc3_mod1" : [ 0.0 ],
					"osc3_mod1_env" : [ 0, 0, 0 ],
					"osc3_mod2" : [ 4.0 ],
					"osc3_mod2_env" : [ 0, 0, 1 ],
					"osc3_mod3" : [ 0.0 ],
					"osc3_mod3_env" : [ 0, 0, 0 ]
				}

			}

		}

	}

}
